nouns	[upos="NOUN"]	[upos="NOUN"]	EXACT			Nouns in the corpus.	1.0
proper nouns in the plural	[upos="PROPN" & feats="Number=Plur"]	[upos="PROPN" & feats="Number=Plur"]	EXACT			Proper nouns in the plural form.	1.1
a determiner, an adjective and a noun	[upos="DET"][upos="ADJ"][upos="NOUN"]	[upos="DET"][upos="ADJ"][upos="NOUN"]	EXACT			A determiner immediately followed by an adjective and then a noun.	1.3
any form of the verb "make" followed by a noun	[lemma="make" & upos="VERB"][upos="NOUN"]	[lemma="make"][upos="NOUN"]	EXACT			Any form of the verb make followed by a noun.	1.2
superlative adjectives	[upos="ADJ" & feats="Degree=Sup"]	[upos="ADJ" & feats="Degree=Sup"]	EXACT			Superlative adjectives.	1.1
comparative adjectives followed by "than"	[upos="ADJ" & feats="Degree=Cmp"][word="than"]	[upos="ADJ" & feats="Degree=Cmp"][word="than"]	EXACT		retried (No token has feats="Degree=Comp". Existing values like it: Degree=Pos, Degree=Cmp, Degree=Sup.; first: [upos="ADJ" & feats="Degree=Comp"][word="than"])	Comparative adjectives immediately followed by than.	2.6
passive auxiliaries	[deprel="aux:pass"]	[upos="AUX" & feats="Tense=Past"]	DIFF 2777 vs 1643		retried (The query finds nothing in this corpus.; first: [upos="AUX" & feats="Voice=Pass"])	Auxiliaries indicating past tense.	2.2
verbs in the imperative in reviews	[upos="VERB" & feats="Mood=Imp"] within <doc genre="reviews"/>	[upos="VERB" & feats="Mood=Imp"] within <doc genre="reviews"/>	EXACT			Verbs in the imperative form in the reviews genre.	1.2
the word "very" followed by an adjective	[word="very"][upos="ADJ"]	[word="very"][upos="ADJ"]	EXACT			The word very immediately followed by an adjective.	1.1
two adjectives in a row	[upos="ADJ"][upos="ADJ"]	[upos="ADJ"][upos="ADJ"]	EXACT			Two adjectives in a row.	1.1
nouns that are the subject of a sentence	[upos="NOUN" & deprel="nsubj"]	[upos="NOUN" & deprel="nsubj"]	EXACT			Nouns that are the subject of a sentence.	1.1
the preposition "of" between two nouns	[upos="NOUN"][word="of"][upos="NOUN"]	[word="of"][upos="NOUN"][upos="NOUN"]	DIFF 128 vs 970			The preposition 'of' between two nouns.	1.3
gerunds	[feats="VerbForm=Ger"]	[upos="VERB" & feats="VerbForm=Inf"]	DIFF 8552 vs 1230			Gerunds (infinite verbs).	1.1
numbers written in digits	[upos="NUM" & feats="NumForm=Digit"]	[word=".*\\d+"]	DIFF 4093 vs 3927			Words that contain digits.	0.9
personal pronouns in the first person	[upos="PRON" & feats="PronType=Prs" & feats="Person=1"]	[upos="PRON" & feats="Person=1"]	DIFF 7997 vs 7987			Personal pronouns in the first person.	1.1
any form of "be" followed by "not"	[lemma="be"][word="not"]	[lemma="be"][word="not"]	EXACT			Any form of 'be' immediately followed by the word 'not'.	1.2
negated verbs in emails	[word="not|n't"][upos="VERB"] within <doc genre="email"/>	[upos="VERB" & feats="Mood=Ind"] within <doc genre="email"/>	DIFF 1662 vs 229		retried (No token has feats="Mood=Neg". Existing values like it: Mood=Ind, Mood=Imp, Mood=Sub.; first: [upos="VERB" & feats="Mood=Neg"] within <doc genre="email"/>)	Verbs in the email genre with indicative mood (default).	2.4
words ending in "ly" that are adverbs	[word=".*ly" & upos="ADV"]	[word=".*ly"][upos="ADV"]	DIFF 104 vs 2536			Words whose form ends in ly that are adverbs.	1.2
an adverb optionally followed by another adverb and then an adjective	[upos="ADV"][upos="ADV"]?[upos="ADJ"]	[upos="ADV"]?[upos="ADV"]?[upos="ADJ"]	DIFF 18776 vs 1987			An adverb optionally followed by another adverb and then an adjective.	1.4
the lemma "go" but not the word "going"	[lemma="go" & word!="going"]	[lemma="go"][word!="going"]	DIFF 764 vs 525			The lemma 'go' but not the word 'going'.	1.2
